{
    "epoch": 100.0,
    "eval_loss": 0.1792522817850113,
    "eval_mae": 0.2731940746307373,
    "eval_mse": 0.17925229668617249,
    "eval_runtime": 4.4755,
    "eval_samples_per_second": 223.44,
    "eval_steps_per_second": 3.575
}